state,venue,measure,status,date,summary,source_url
Pennsylvania,Legislature,HB 2198 (repeal of data center sales tax exemption),Passed House; no final action,2026-06-25,"House voted 197-5 to repeal the exemption. The Senate passed repeal language in a separate tax code bill. Neither version reached the governor.",https://penncapital-star.com/economy/pa-house-passes-data-center-pause-along-with-shapiros-plan-for-responsible-development/
Pennsylvania,Legislature,HB 1834 (PUC regulation of commercial data centers),Passed House; in Senate committee,2026-03-24,"Would require the PUC to assign connection, transmission, network upgrade, reliability, and PJM emergency capacity costs to data centers. Referred to Senate Consumer Protection and Professional Licensure on March 31, 2026.",https://www.cityandstatepa.com/policy/2026/03/pa-house-lawmakers-approve-data-center-regulation-bill/412346/
Pennsylvania,Legislature,Municipal pause bill (reported as HB 2496),Passed House; no final action,2026-06,"Would let municipalities pause consideration of data center applications for up to 180 days while revising land use ordinances. Bill number and vote to be confirmed.",https://pennfuture.org/Data-Center-Legislation-Tracker
Pennsylvania,Governor,Executive Order 2026-05 (GRID Requirements),In effect,2026-08-18,"DEP reviews data center permit applications only if the developer makes a legally binding commitment to the GRID Requirements. Revenue must update exemption guidelines so new applicants comply with GRID.",https://www.pa.gov/governor/newsroom/2026-press-releases/governor-shapiro-signs-executive-order-on-data-center-developmen
Pennsylvania,Legislature,Data center energy and water reporting,To be confirmed,2026,"A PennFuture tracker reports that annual energy and water reporting requirements were enacted through FY 2026-27 budget implementation. Bill and code section not yet confirmed.",https://pennfuture.org/Data-Center-Legislation-Tracker
Virginia,Legislature,2026 biennial budget (HB 30): sales tax exemption,Preserved,2026-06,"Budget kept the data center sales and use tax exemption. The Joint Subcommittee on Tax Policy must study the exemption and report by mid-December 2026.",https://www.arlnow.com/2026/06/22/virginia-legislators-propose-new-tax-on-data-centers-power-usage-to-break-budget-deadlock/
Virginia,Legislature,2026 biennial budget (HB 30): electricity consumption tax,Enacted,2026-07-01,"New tax of $0.011 per kWh on data center electricity, capped at $600 million a year with excess refunded pro rata. Expires June 30, 2028 absent extension.",https://www.whitefordlaw.com/news-events/client-alert-update-virginia-enacts-energy-consumption-tax-on-data-centers-and-signs-broader-energy-affordability-package
Virginia,Legislature,Large-load cost allocation (25 MW and above),Enacted,2026,"Costs of increased generating capacity assigned to customers with 25 MW or more of demand. HB 284 directs two utilities to create voluntary demand flexibility programs for those customers.",https://www.multistate.us/insider/2026/3/30/virginia-lawmakers-pass-15-data-center-bills-as-tax-exemption-fight-looms
Virginia,Legislature,HB 153 / SB 94: siting and pre-vote disclosure (Va. Code 15.2-2209.5),Enacted,2026-07-01,"Governs where the largest facilities can go and what developers must disclose before a local board votes.",https://www.roanokerambler.com/a-roanoke-delegate-helped-write-virginias-new-data-center-law-heres-what-it-does-and-what-it-doesnt/
Virginia,Legislature,SB 253: backup generator air permits,Enacted,2026-07-01,"DEQ may not issue air permits for data center generators applied for on or after July 1, 2026 unless they meet Tier IV or an equivalent standard.",https://natlawreview.com/article/2026-virginia-environmental-legislative-update-data-centers
Virginia,Legislature,Water use and reporting,Enacted; phased dates,2027-01-01,"Water reporting authority takes effect January 1, 2027. DEQ cooling water scarcity area regulations due July 1, 2027. Budget also requires data centers to limit water use for cooling.",https://natlawreview.com/article/2026-virginia-environmental-legislative-update-data-centers
Virginia,Regulator,SCC annual data center report,Due,2026-10-01,"First annual SCC report on aggregated data center electricity, water, and generator data.",https://natlawreview.com/article/2026-virginia-environmental-legislative-update-data-centers
Virginia,Governor,Data Center Accountability Framework and Executive Order 22,In effect,2026-09-18,"Framework on local approval transparency, energy costs, and environmental standards. EO 22 implements core pieces and creates an AI Task Force.",https://www.governor.virginia.gov/newsroom/news-releases/2026/september-releases/name-1123696-en.html
Virginia,Legislature,Carried-over bills,Pending,2027,"Of 61 data center bills considered in 2026, 15 went to the governor and 46 carry over to 2027.",https://www.whitefordlaw.com/news-events/client-alert-virginia-data-center-tax-reform-key-implications-for-real-estate-developers
Ohio,Governor,Pause on new sales tax exemption requests,In effect,2026-05-27,"Governor DeWine directed the Tax Credit Authority to pause consideration of new data center exemption requests while the Joint Data Center Committee studies data center growth.",https://governor.ohio.gov/media/news-and-media/governor-dewine-announces-pause-of-data-center-tax-exemption
Ohio,Regulator,AEP Ohio data center tariff,Approved 2025; under appeal,2025-07,"PUCO-approved tariff requires new data centers to pay for at least 85% of the load they request. The Ohio Manufacturers' Association is challenging it at the Ohio Supreme Court.",https://www.wosu.org/2026-03-02/ohio-house-bill-would-extend-data-center-tariff-to-rest-of-state
Ohio,Legislature,House bill extending the AEP tariff approach statewide,Introduced,2026-02,"Bipartisan bill (Reps. Thomas and Rader) modeled on the AEP tariff.",https://www.statenews.org/government-politics/2026-03-02/ohio-house-bill-would-extend-data-center-tariff-to-rest-of-state
Ohio,Legislature,Senate data center bill (rate class; NDAs; water; local impacts),Introduced,2026-06,"Would create a PUCO data center rate class and address tax breaks, nondisclosure agreements, water use, and local government impacts.",https://ohiocapitaljournal.com/2026/06/10/ohio-lawmakers-introduce-sweeping-new-data-center-legislation/
Maryland,Legislature,Utility RELIEF Act of 2026,Enacted,2026,"Defines large load customers for tariff purposes, requires data centers to pay for the infrastructure and grid costs they create, and requires confidential reporting aggregated into an annual public report.",https://thedailyrecord.com/2026/09/23/moore-executive-order-maryland-data-center-review/
Maryland,Governor,Executive Order 01.01.2026.16,In effect,2026-09-23,"Single state review for projects of 25 MW or more; new Data Center Task Force and public dashboard. Agencies defer substantive review until local land use approvals are documented; state incentives require alignment with state principles; agencies may not enter NDAs with data center developers.",https://marylandmatters.org/2026/09/23/data-centers-moore-executive-order/
Maryland,Regulator,PSC large load tariff proceeding,Pending,2026,"BGE, Pepco, and Delmarva large load tariffs are before the Public Service Commission.",https://dailyenergyinsider.com/news/53895-maryland-gov-moore-issues-order-to-oversee-regulate-data-center-development/
Maryland,Local,County moratoriums and bans,In effect in many counties,2026,"14 of 24 jurisdictions have moratoriums or bans (Daily Record count). Harford County passed the first indefinite ban in June; Frederick County extended its pause to July 1, 2027.",https://mdbaynews.com/2026/09/23/wes-moore-maryland-data-center-review-dashboard/
Maryland,Legislature,Repeal of 2020 sales and use tax exemption,Planned for 2027 session,2027,"Governor Moore will seek repeal in the 2027 General Assembly session.",https://governor.maryland.gov/news/press-releases/governor-moore-signs-executive-order-codifying-responsible-data-center-development-framework
Georgia,Legislature,Sales tax exemption repeal and pause bills,No final action,2026-03-06,"The Senate passed a repeal bill on March 6. The session ended with the exemption intact. SB 436 (suspend new certificates) and HB 1012 (construction pause) were introduced.",https://georgiawatch.org/georgia-lawmakers-leave-data-center-tax-breaks-intact-punt-on-energy-costs/
Georgia,Legislature,HB 1063 (utility contracts with data centers),Passed House; not enacted,2026-02,"Passed the House 159-5. Did not become law.",https://computelaw.blog/power/georgia-power-psc-data-center-rules/
Georgia,Regulator,PSC large-load rules and generation approval,In effect,2025-02-01,"Customers of 100 MW or more must take service under custom contracts. In December 2025 the PSC approved nearly 10,000 MW of new generation, roughly 80% expected to serve data centers. Base rates frozen through 2028.",https://computelaw.blog/power/georgia-power-psc-data-center-rules/
Georgia,Regulator,Customer Identified Resource program,Approved,2026-04,"Lets large customers, including data centers, fund their own clean energy projects for bill credits, up to 3 GW through 2035.",https://computelaw.blog/power/georgia-power-psc-data-center-rules/
Georgia,Elections,Public Service Commission elections,Scheduled,2026-11-03,"Two PSC seats on the ballot, with data center regulation a key campaign issue.",https://en.wikipedia.org/wiki/2026_Georgia_Public_Service_Commission_election
